Molecule ID,SMILES
CHEMBL_000000,CCCO
CHEMBL_000001,CC(C)O
CHEMBL_000002,CCCO
CHEMBL_000003,CC(C)(C)O
CHEMBL_000004,c1ccccc1
CHEMBL_000005,c1ccccc1O
CHEMBL_000006,CC(=O)O
CHEMBL_000007,CCC(=O)Oc1ccccc1C(=O)O
CHEMBL_000008,CC12CCC3C(C1CCC2O)CCC4=C3C=CC(=C4)O
CHEMBL_000009,CN1C=NC2=C1C(=O)N(C(=O)N2C)C
CHEMBL_000010,CCN(CC)CC
CHEMBL_000011,CC(C)C
CHEMBL_000012,CCCCC
CHEMBL_000013,c1ccc(cc1)C
CHEMBL_000014,c1ccc(cc1)O
CHEMBL_000015,CCN
CHEMBL_000016,CCC(=O)O
CHEMBL_000017,CCCC
CHEMBL_000018,c1ccc(cc1)N
CHEMBL_000019,CC(=O)C
CHEMBL_000020,CCCCCCC
CHEMBL_000021,c1ccc2ccccc2c1
CHEMBL_000022,CC(C)CC
CHEMBL_000023,CCCCCCCC
CHEMBL_000024,c1ccc(cc1)CC
CHEMBL_000025,CCC(C)C
CHEMBL_000026,CCCCCCCCC
CHEMBL_000027,c1ccc(cc1)CCC
CHEMBL_000028,CCC(C)CCC
CHEMBL_000029,CCCCCCCCCC
CHEMBL_000030,Cc1ccccc1
CHEMBL_000031,CCc1ccccc1
CHEMBL_000032,CCCc1ccccc1
CHEMBL_000033,CC(C)Cc1ccc(cc1)C
CHEMBL_000034,c1ccc(cc1)CCCC
CHEMBL_000035,CCCCCCCCCCCC
CHEMBL_000036,c1ccc(cc1)CCCCC
CHEMBL_000037,CCCCCCCCCCCC
CHEMBL_000038,c1ccc(cc1)CCCCCC
CHEMBL_000039,CCCCCCCCCCCCC
CHEMBL_000040,CCO
CHEMBL_000041,CC(C)O
CHEMBL_000042,CCCCO
CHEMBL_000043,CC(C)(C)O
CHEMBL_000044,c1ccc(cc1)C
CHEMBL_000045,c1ccccc1O
CHEMBL_000046,CC(=O)O
CHEMBL_000047,CC(=O)Oc1ccccc1C(=O)O
CHEMBL_000048,CC12CCC3C(C1CCC2O)CCC4=C3C=CC(=C4)O
CHEMBL_000049,CN1C=NC2=C1C(=O)N(C(=O)N2C)C
CHEMBL_000050,CCN(CC)CC
CHEMBL_000051,CC(C)C
CHEMBL_000052,CCCCC
CHEMBL_000053,c1ccc(cc1)C
CHEMBL_000054,c1ccc(cc1)O
CHEMBL_000055,CCN
CHEMBL_000056,CCCC(=O)O
CHEMBL_000057,CCCC
CHEMBL_000058,c1ccc(cc1)N
CHEMBL_000059,CC(=O)C
CHEMBL_000060,CCCCCCC
CHEMBL_000061,c1ccc2ccccc2c1
CHEMBL_000062,CC(C)CC
CHEMBL_000063,CCCCCCCCC
CHEMBL_000064,c1ccc(cc1)CC
CHEMBL_000065,CCC(C)C
CHEMBL_000066,CCCCCCCCC
CHEMBL_000067,c1ccc(cc1)CCC
CHEMBL_000068,CC(C)CCC
CHEMBL_000069,CCCCCCCCCC
CHEMBL_000070,Cc1ccccc1
CHEMBL_000071,CCc1ccccc1
CHEMBL_000072,CCCc1ccccc1
CHEMBL_000073,CC(C)Cc1ccccc1
CHEMBL_000074,c1ccc(cc1)CCCC
CHEMBL_000075,CCCCCCCCCCC
CHEMBL_000076,c1ccc(cc1)CCCCC
CHEMBL_000077,CCCCCCCCCCCCC
CHEMBL_000078,c1ccc(cc1)CCCCCC
CHEMBL_000079,CCCCCCCCCCCCC
CHEMBL_000080,CCO
CHEMBL_000081,CC(C)O
CHEMBL_000082,CCCO
CHEMBL_000083,CC(C)(C)O
CHEMBL_000084,c1ccccc1
CHEMBL_000085,c1ccccc1O
CHEMBL_000086,CC(=O)O
CHEMBL_000087,CC(=O)Oc1ccccc1C(=O)O
CHEMBL_000088,CC12CCC3C(C1CCC2O)CCC4=C3C=CC(=C4)O
CHEMBL_000089,CN1C=NC2=C1C(=O)N(C(=O)N2C)C
CHEMBL_000090,CCN(CC)CC
CHEMBL_000091,CCC(C)C
CHEMBL_000092,CCCCC
CHEMBL_000093,c1ccc(cc1)C
CHEMBL_000094,c1ccc(cc1)O
CHEMBL_000095,CCN
CHEMBL_000096,CCC(=O)O
CHEMBL_000097,CCCC
CHEMBL_000098,c1ccc(cc1)N
CHEMBL_000099,CC(=O)C
CHEMBL_000100,CCCCCCC
CHEMBL_000101,c1ccc2ccccc2c1
CHEMBL_000102,CC(C)CC
CHEMBL_000103,CCCCCCCC
CHEMBL_000104,c1ccc(cc1)CC
CHEMBL_000105,CCCC(C)C
CHEMBL_000106,CCCCCCCCC
CHEMBL_000107,c1ccc(cc1)CCC
CHEMBL_000108,CC(C)CCC
CHEMBL_000109,CCCCCCCCCC
CHEMBL_000110,Cc1ccc(cc1)C
CHEMBL_000111,CCc1ccccc1
CHEMBL_000112,CCCCc1ccccc1
CHEMBL_000113,CC(C)Cc1ccccc1
CHEMBL_000114,c1ccc(cc1)CCCC
CHEMBL_000115,CCCCCCCCCCC
CHEMBL_000116,c1ccc(cc1)CCCCC
CHEMBL_000117,CCCCCCCCCCCC
CHEMBL_000118,c1ccc(cc1)CCCCCC
CHEMBL_000119,CCCCCCCCCCCCCC
CHEMBL_000120,CCO
CHEMBL_000121,CC(C)O
CHEMBL_000122,CCCO
CHEMBL_000123,CC(C)(C)O
CHEMBL_000124,c1ccccc1
CHEMBL_000125,c1ccccc1O
CHEMBL_000126,CCC(=O)O
CHEMBL_000127,CC(=O)Oc1ccccc1C(=O)O
CHEMBL_000128,CC12CCC3C(C1CCC2O)CCC4=C3C=CC(=C4)O
CHEMBL_000129,CN1C=NC2=C1C(=O)N(C(=O)N2C)C
CHEMBL_000130,CCN(CC)CC
CHEMBL_000131,CC(C)C
CHEMBL_000132,CCCCC
CHEMBL_000133,c1ccc(cc1)C
CHEMBL_000134,c1ccc(cc1)O
CHEMBL_000135,CCN
CHEMBL_000136,CCC(=O)O
CHEMBL_000137,CCCC
CHEMBL_000138,c1ccc(cc1)N
CHEMBL_000139,CC(=O)C
CHEMBL_000140,CCCCCCCC
CHEMBL_000141,c1ccc2ccccc2c1
CHEMBL_000142,CC(C)CC
CHEMBL_000143,CCCCCCCC
CHEMBL_000144,c1ccc(cc1)CC
CHEMBL_000145,CCC(C)C
CHEMBL_000146,CCCCCCCCC
CHEMBL_000147,c1ccc(cc1)CCC
CHEMBL_000148,CC(C)CCC
CHEMBL_000149,CCCCCCCCCC
CHEMBL_000150,Cc1ccccc1
CHEMBL_000151,CCc1ccccc1
CHEMBL_000152,CCCc1ccccc1
CHEMBL_000153,CC(C)Cc1ccccc1
CHEMBL_000154,c1ccc(cc1)CCCC
CHEMBL_000155,CCCCCCCCCCC
CHEMBL_000156,c1ccc(cc1)CCCCC
CHEMBL_000157,CCCCCCCCCCCC
CHEMBL_000158,c1ccc(cc1)CCCCCC
CHEMBL_000159,CCCCCCCCCCCCC
CHEMBL_000160,CCO
CHEMBL_000161,CCC(C)O
CHEMBL_000162,CCCO
CHEMBL_000163,CC(C)(C)O
CHEMBL_000164,c1ccccc1
CHEMBL_000165,c1ccc(cc1)CO
CHEMBL_000166,CC(=O)O
CHEMBL_000167,CC(=O)Oc1ccccc1C(=O)O
CHEMBL_000168,CCC12CCC3C(C1CCC2O)CCC4=C3C=CC(=C4)O
CHEMBL_000169,CN1C=NC2=C1C(=O)N(C(=O)N2C)C
CHEMBL_000170,CCN(CC)CC
CHEMBL_000171,CC(C)C
CHEMBL_000172,CCCCC
CHEMBL_000173,c1ccc(cc1)C
CHEMBL_000174,c1ccc(cc1)O
CHEMBL_000175,CCCN
CHEMBL_000176,CCC(=O)O
CHEMBL_000177,CCCC
CHEMBL_000178,c1ccc(cc1)N
CHEMBL_000179,CC(=O)C
CHEMBL_000180,CCCCCCC
CHEMBL_000181,c1ccc2ccccc2c1
CHEMBL_000182,CCC(C)CC
CHEMBL_000183,CCCCCCCC
CHEMBL_000184,c1ccc(cc1)CC
CHEMBL_000185,CCC(C)C
CHEMBL_000186,CCCCCCCCC
CHEMBL_000187,c1ccc(cc1)CCC
CHEMBL_000188,CC(C)CCC
CHEMBL_000189,CCCCCCCCCCC
CHEMBL_000190,Cc1ccccc1
CHEMBL_000191,CCc1ccccc1
CHEMBL_000192,CCCc1ccccc1
CHEMBL_000193,CC(C)Cc1ccccc1
CHEMBL_000194,c1ccc(cc1)CCCC
CHEMBL_000195,CCCCCCCCCCC
CHEMBL_000196,c1ccc(cc1)CCCCC
CHEMBL_000197,CCCCCCCCCCCC
CHEMBL_000198,c1ccc(cc1)CCCCCC
CHEMBL_000199,CCCCCCCCCCCCC
CHEMBL_000200,CCO
CHEMBL_000201,CC(C)O
CHEMBL_000202,CCCO
CHEMBL_000203,CCC(C)(C)O
CHEMBL_000204,c1ccccc1
CHEMBL_000205,c1ccccc1O
CHEMBL_000206,CC(=O)O
CHEMBL_000207,CC(=O)Oc1ccccc1C(=O)O
CHEMBL_000208,CC12CCC3C(C1CCC2O)CCC4=C3C=CC(=C4)O
CHEMBL_000209,CN1C=NC2=C1C(=O)N(C(=O)N2C)C
CHEMBL_000210,CCCN(CC)CC
CHEMBL_000211,CC(C)C
CHEMBL_000212,CCCCC
CHEMBL_000213,c1ccc(cc1)C
CHEMBL_000214,c1ccc(cc1)O
CHEMBL_000215,CCN
CHEMBL_000216,CCC(=O)O
CHEMBL_000217,CCCCC
CHEMBL_000218,c1ccc(cc1)N
CHEMBL_000219,CC(=O)C
CHEMBL_000220,CCCCCCC
CHEMBL_000221,c1ccc2ccccc2c1
CHEMBL_000222,CC(C)CC
CHEMBL_000223,CCCCCCCC
CHEMBL_000224,c1ccc(cc1)CC
CHEMBL_000225,CCC(C)C
CHEMBL_000226,CCCCCCCCC
CHEMBL_000227,c1ccc(cc1)CCC
CHEMBL_000228,CC(C)CCC
CHEMBL_000229,CCCCCCCCCC
CHEMBL_000230,Cc1ccccc1
CHEMBL_000231,CCCc1ccccc1
CHEMBL_000232,CCCc1ccccc1
CHEMBL_000233,CC(C)Cc1ccccc1
CHEMBL_000234,c1ccc(cc1)CCCC
CHEMBL_000235,CCCCCCCCCCC
CHEMBL_000236,c1ccc(cc1)CCCCC
CHEMBL_000237,CCCCCCCCCCCC
CHEMBL_000238,c1ccc(cc1)CCCCCC
CHEMBL_000239,CCCCCCCCCCCCC
CHEMBL_000240,CCO
CHEMBL_000241,CC(C)O
CHEMBL_000242,CCCO
CHEMBL_000243,CC(C)(C)O
CHEMBL_000244,c1ccccc1
CHEMBL_000245,c1ccccc1O
CHEMBL_000246,CC(=O)O
CHEMBL_000247,CC(=O)Oc1ccccc1C(=O)O
CHEMBL_000248,CC12CCC3C(C1CCC2O)CCC4=C3C=CC(=C4)O
CHEMBL_000249,CN1C=NC2=C1C(=O)N(C(=O)N2C)C
CHEMBL_000250,CCN(CC)CC
CHEMBL_000251,CC(C)C
CHEMBL_000252,CCCCCC
CHEMBL_000253,c1ccc(cc1)C
CHEMBL_000254,c1ccc(cc1)O
CHEMBL_000255,CCN
CHEMBL_000256,CCC(=O)O
CHEMBL_000257,CCCC
CHEMBL_000258,c1ccc(cc1)N
CHEMBL_000259,CCC(=O)C
CHEMBL_000260,CCCCCCC
CHEMBL_000261,c1ccc2ccccc2c1
CHEMBL_000262,CC(C)CC
CHEMBL_000263,CCCCCCCC
CHEMBL_000264,c1ccc(cc1)CC
CHEMBL_000265,CCC(C)C
CHEMBL_000266,CCCCCCCCCC
CHEMBL_000267,c1ccc(cc1)CCC
CHEMBL_000268,CC(C)CCC
CHEMBL_000269,CCCCCCCCCC
CHEMBL_000270,Cc1ccccc1
CHEMBL_000271,CCc1ccccc1
CHEMBL_000272,CCCc1ccccc1
CHEMBL_000273,CCC(C)Cc1ccccc1
CHEMBL_000274,c1ccc(cc1)CCCC
CHEMBL_000275,CCCCCCCCCCC
CHEMBL_000276,c1ccc(cc1)CCCCC
CHEMBL_000277,CCCCCCCCCCCC
CHEMBL_000278,c1ccc(cc1)CCCCCC
CHEMBL_000279,CCCCCCCCCCCCC
CHEMBL_000280,CCCO
CHEMBL_000281,CC(C)O
CHEMBL_000282,CCCO
CHEMBL_000283,CC(C)(C)O
CHEMBL_000284,c1ccccc1
CHEMBL_000285,c1ccccc1O
CHEMBL_000286,CC(=O)O
CHEMBL_000287,CCC(=O)Oc1ccccc1C(=O)O
CHEMBL_000288,CC12CCC3C(C1CCC2O)CCC4=C3C=CC(=C4)O
CHEMBL_000289,CN1C=NC2=C1C(=O)N(C(=O)N2C)C
CHEMBL_000290,CCN(CC)CC
CHEMBL_000291,CC(C)C
CHEMBL_000292,CCCCC
CHEMBL_000293,c1ccc(cc1)C
CHEMBL_000294,c1ccc(cc1)O
CHEMBL_000295,CCN
CHEMBL_000296,CCC(=O)O
CHEMBL_000297,CCCC
CHEMBL_000298,c1ccc(cc1)N
CHEMBL_000299,CC(=O)C
CHEMBL_000300,CCCCCCC
CHEMBL_000301,c1ccc2ccccc2c1
CHEMBL_000302,CC(C)CC
CHEMBL_000303,CCCCCCCC
CHEMBL_000304,c1ccc(cc1)CC
CHEMBL_000305,CCC(C)C
CHEMBL_000306,CCCCCCCCC
CHEMBL_000307,c1ccc(cc1)CCC
CHEMBL_000308,CCC(C)CCC
CHEMBL_000309,CCCCCCCCCC
CHEMBL_000310,Cc1ccccc1
CHEMBL_000311,CCc1ccccc1
CHEMBL_000312,CCCc1ccccc1
CHEMBL_000313,CC(C)Cc1ccccc1
CHEMBL_000314,c1ccc(cc1)CCCC
CHEMBL_000315,CCCCCCCCCCCC
CHEMBL_000316,c1ccc(cc1)CCCCC
CHEMBL_000317,CCCCCCCCCCCC
CHEMBL_000318,c1ccc(cc1)CCCCCC
CHEMBL_000319,CCCCCCCCCCCCC
CHEMBL_000320,CCO
CHEMBL_000321,CC(C)O
CHEMBL_000322,CCCCO
CHEMBL_000323,CC(C)(C)O
CHEMBL_000324,c1ccccc1
CHEMBL_000325,c1ccccc1O
CHEMBL_000326,CC(=O)O
CHEMBL_000327,CC(=O)Oc1ccccc1C(=O)O
CHEMBL_000328,CC12CCC3C(C1CCC2O)CCC4=C3C=CC(=C4)O
CHEMBL_000329,CN1C=NC2=C1C(=O)N(C(=O)N2C)C
CHEMBL_000330,CCN(CC)CC
CHEMBL_000331,CC(C)C
CHEMBL_000332,CCCCC
CHEMBL_000333,c1ccc(cc1)C
CHEMBL_000334,c1ccc(cc1)O
CHEMBL_000335,CCN
CHEMBL_000336,CCCC(=O)O
CHEMBL_000337,CCCC
CHEMBL_000338,c1ccc(cc1)N
CHEMBL_000339,CC(=O)C
CHEMBL_000340,CCCCCCC
CHEMBL_000341,c1ccc2ccccc2c1
CHEMBL_000342,CC(C)CC
CHEMBL_000343,CCCCCCCCC
CHEMBL_000344,c1ccc(cc1)CC
CHEMBL_000345,CCC(C)C
CHEMBL_000346,CCCCCCCCC
CHEMBL_000347,c1ccc(cc1)CCC
CHEMBL_000348,CC(C)CCC
CHEMBL_000349,CCCCCCCCCC
CHEMBL_000350,Cc1ccccc1
CHEMBL_000351,CCc1ccccc1
CHEMBL_000352,CCCc1ccc(cc1)C
CHEMBL_000353,CC(C)Cc1ccccc1
CHEMBL_000354,c1ccc(cc1)CCCC
CHEMBL_000355,CCCCCCCCCCC
CHEMBL_000356,c1ccc(cc1)CCCCC
CHEMBL_000357,CCCCCCCCCCCCC
CHEMBL_000358,c1ccc(cc1)CCCCCC
CHEMBL_000359,CCCCCCCCCCCCC
CHEMBL_000360,CCO
CHEMBL_000361,CC(C)O
CHEMBL_000362,CCCO
CHEMBL_000363,CC(C)(C)O
CHEMBL_000364,c1ccccc1
CHEMBL_000365,c1ccccc1O
CHEMBL_000366,CC(=O)O
CHEMBL_000367,CC(=O)Oc1ccccc1C(=O)O
CHEMBL_000368,CC12CCC3C(C1CCC2O)CCC4=C3C=CC(=C4)O
CHEMBL_000369,CN1C=NC2=C1C(=O)N(C(=O)N2C)C
CHEMBL_000370,CCN(CC)CC
CHEMBL_000371,CCC(C)C
CHEMBL_000372,CCCCC
CHEMBL_000373,c1ccc(cc1)C
CHEMBL_000374,c1ccc(cc1)O
CHEMBL_000375,CCN
CHEMBL_000376,CCC(=O)O
CHEMBL_000377,CCCC
CHEMBL_000378,c1ccc(cc1)N
CHEMBL_000379,CC(=O)C
CHEMBL_000380,CCCCCCC
CHEMBL_000381,c1ccc2ccccc2c1
CHEMBL_000382,CC(C)CC
CHEMBL_000383,CCCCCCCC
CHEMBL_000384,c1ccc(cc1)CC
CHEMBL_000385,CCCC(C)C
CHEMBL_000386,CCCCCCCCC
CHEMBL_000387,c1ccc(cc1)CCC
CHEMBL_000388,CC(C)CCC
CHEMBL_000389,CCCCCCCCCC
CHEMBL_000390,Cc1ccccc1
CHEMBL_000391,CCc1ccccc1
CHEMBL_000392,CCCCc1ccccc1
CHEMBL_000393,CC(C)Cc1ccccc1
CHEMBL_000394,c1ccc(cc1)CCCC
CHEMBL_000395,CCCCCCCCCCC
CHEMBL_000396,c1ccc(cc1)CCCCC
CHEMBL_000397,CCCCCCCCCCCC
CHEMBL_000398,c1ccc(cc1)CCCCCC
CHEMBL_000399,CCCCCCCCCCCCCC
CHEMBL_000400,CCO
CHEMBL_000401,CC(C)O
CHEMBL_000402,CCCO
CHEMBL_000403,CC(C)(C)O
CHEMBL_000404,c1ccccc1
CHEMBL_000405,c1ccccc1O
CHEMBL_000406,CCC(=O)O
CHEMBL_000407,CC(=O)Oc1ccc(cc1)CC(=O)O
CHEMBL_000408,CC12CCC3C(C1CCC2O)CCC4=C3C=CC(=C4)O
CHEMBL_000409,CN1C=NC2=C1C(=O)N(C(=O)N2C)C
CHEMBL_000410,CCN(CC)CC
CHEMBL_000411,CC(C)C
CHEMBL_000412,CCCCC
CHEMBL_000413,c1ccc(cc1)C
CHEMBL_000414,c1ccc(cc1)O
CHEMBL_000415,CCN
CHEMBL_000416,CCC(=O)O
CHEMBL_000417,CCCC
CHEMBL_000418,c1ccc(cc1)N
CHEMBL_000419,CC(=O)C
CHEMBL_000420,CCCCCCCC
CHEMBL_000421,c1ccc2ccccc2c1
CHEMBL_000422,CC(C)CC
CHEMBL_000423,CCCCCCCC
CHEMBL_000424,c1ccc(cc1)CC
CHEMBL_000425,CCC(C)C
CHEMBL_000426,CCCCCCCCC
CHEMBL_000427,c1ccc(cc1)CCC
CHEMBL_000428,CC(C)CCC
CHEMBL_000429,CCCCCCCCCC
CHEMBL_000430,Cc1ccccc1
CHEMBL_000431,CCc1ccccc1
CHEMBL_000432,CCCc1ccccc1
CHEMBL_000433,CC(C)Cc1ccccc1
CHEMBL_000434,c1ccc(cc1)CCCC
CHEMBL_000435,CCCCCCCCCCC
CHEMBL_000436,c1ccc(cc1)CCCCC
CHEMBL_000437,CCCCCCCCCCCC
CHEMBL_000438,c1ccc(cc1)CCCCCC
CHEMBL_000439,CCCCCCCCCCCCC
CHEMBL_000440,CCO
CHEMBL_000441,CCC(C)O
CHEMBL_000442,CCCO
CHEMBL_000443,CC(C)(C)O
CHEMBL_000444,c1ccccc1
CHEMBL_000445,c1ccccc1O
CHEMBL_000446,CC(=O)O
CHEMBL_000447,CC(=O)Oc1ccccc1C(=O)O
CHEMBL_000448,CCC12CCC3C(C1CCC2O)CCC4=C3C=CC(=C4)O
CHEMBL_000449,CN1C=NC2=C1C(=O)N(C(=O)N2C)C
CHEMBL_000450,CCN(CC)CC
CHEMBL_000451,CC(C)C
CHEMBL_000452,CCCCC
CHEMBL_000453,c1ccc(cc1)C
CHEMBL_000454,c1ccc(cc1)O
CHEMBL_000455,CCCN
CHEMBL_000456,CCC(=O)O
CHEMBL_000457,CCCC
CHEMBL_000458,c1ccc(cc1)N
CHEMBL_000459,CC(=O)C
CHEMBL_000460,CCCCCCC
CHEMBL_000461,c1ccc2ccccc2c1
CHEMBL_000462,CCC(C)CC
CHEMBL_000463,CCCCCCCC
CHEMBL_000464,c1ccc(cc1)CC
CHEMBL_000465,CCC(C)C
CHEMBL_000466,CCCCCCCCC
CHEMBL_000467,c1ccc(cc1)CCC
CHEMBL_000468,CC(C)CCC
CHEMBL_000469,CCCCCCCCCCC
CHEMBL_000470,Cc1ccccc1
CHEMBL_000471,CCc1ccccc1
CHEMBL_000472,CCCc1ccccc1
CHEMBL_000473,CC(C)Cc1ccc(cc1)C
CHEMBL_000474,c1ccc(cc1)CCCC
CHEMBL_000475,CCCCCCCCCCC
CHEMBL_000476,c1ccc(cc1)CCCCC
CHEMBL_000477,CCCCCCCCCCCC
CHEMBL_000478,c1ccc(cc1)CCCCCC
CHEMBL_000479,CCCCCCCCCCCCC
CHEMBL_000480,CCO
CHEMBL_000481,CC(C)O
CHEMBL_000482,CCCO
CHEMBL_000483,CCC(C)(C)O
CHEMBL_000484,c1ccc(cc1)C
CHEMBL_000485,c1ccccc1O
CHEMBL_000486,CC(=O)O
CHEMBL_000487,CC(=O)Oc1ccccc1C(=O)O
CHEMBL_000488,CC12CCC3C(C1CCC2O)CCC4=C3C=CC(=C4)O
CHEMBL_000489,CN1C=NC2=C1C(=O)N(C(=O)N2C)C
CHEMBL_000490,CCCN(CC)CC
CHEMBL_000491,CC(C)C
CHEMBL_000492,CCCCC
CHEMBL_000493,c1ccc(cc1)C
CHEMBL_000494,c1ccc(cc1)O
CHEMBL_000495,CCN
CHEMBL_000496,CCC(=O)O
CHEMBL_000497,CCCCC
CHEMBL_000498,c1ccc(cc1)N
CHEMBL_000499,CC(=O)C
CHEMBL_000500,CCCCCCC
CHEMBL_000501,c1ccc2ccccc2c1
CHEMBL_000502,CC(C)CC
CHEMBL_000503,CCCCCCCC
CHEMBL_000504,c1ccc(cc1)CC
CHEMBL_000505,CCC(C)C
CHEMBL_000506,CCCCCCCCC
CHEMBL_000507,c1ccc(cc1)CCC
CHEMBL_000508,CC(C)CCC
CHEMBL_000509,CCCCCCCCCC
CHEMBL_000510,Cc1ccccc1
CHEMBL_000511,CCCc1ccccc1
CHEMBL_000512,CCCc1ccccc1
CHEMBL_000513,CC(C)Cc1ccccc1
CHEMBL_000514,c1ccc(cc1)CCCC
CHEMBL_000515,CCCCCCCCCCC
CHEMBL_000516,c1ccc(cc1)CCCCC
CHEMBL_000517,CCCCCCCCCCCC
CHEMBL_000518,c1ccc(cc1)CCCCCC
CHEMBL_000519,CCCCCCCCCCCCC
CHEMBL_000520,CCO
CHEMBL_000521,CC(C)O
CHEMBL_000522,CCCO
CHEMBL_000523,CC(C)(C)O
CHEMBL_000524,c1ccccc1
CHEMBL_000525,c1ccccc1O
CHEMBL_000526,CC(=O)O
CHEMBL_000527,CC(=O)Oc1ccccc1C(=O)O
CHEMBL_000528,CC12CCC3C(C1CCC2O)CCC4=C3C=CC(=C4)O
CHEMBL_000529,CN1C=NC2=C1C(=O)N(C(=O)N2C)C
CHEMBL_000530,CCN(CC)CC
CHEMBL_000531,CC(C)C
CHEMBL_000532,CCCCCC
CHEMBL_000533,c1ccc(cc1)C
CHEMBL_000534,c1ccc(cc1)O
CHEMBL_000535,CCN
CHEMBL_000536,CCC(=O)O
CHEMBL_000537,CCCC
CHEMBL_000538,c1ccc(cc1)N
CHEMBL_000539,CCC(=O)C
CHEMBL_000540,CCCCCCC
CHEMBL_000541,c1ccc2ccccc2c1
CHEMBL_000542,CC(C)CC
CHEMBL_000543,CCCCCCCC
CHEMBL_000544,c1ccc(cc1)CC
CHEMBL_000545,CCC(C)C
CHEMBL_000546,CCCCCCCCCC
CHEMBL_000547,c1ccc(cc1)CCC
CHEMBL_000548,CC(C)CCC
CHEMBL_000549,CCCCCCCCCC
CHEMBL_000550,Cc1ccc(cc1)C
CHEMBL_000551,CCc1ccccc1
CHEMBL_000552,CCCc1ccccc1
CHEMBL_000553,CCC(C)Cc1ccccc1
CHEMBL_000554,c1ccc(cc1)CCCC
CHEMBL_000555,CCCCCCCCCCC
CHEMBL_000556,c1ccc(cc1)CCCCC
CHEMBL_000557,CCCCCCCCCCCC
CHEMBL_000558,c1ccc(cc1)CCCCCC
CHEMBL_000559,CCCCCCCCCCCCC
CHEMBL_000560,CCCO
CHEMBL_000561,CC(C)O
CHEMBL_000562,CCCO
CHEMBL_000563,CC(C)(C)O
CHEMBL_000564,c1ccccc1
CHEMBL_000565,c1ccccc1O
CHEMBL_000566,CC(=O)O
CHEMBL_000567,CCC(=O)Oc1ccccc1C(=O)O
CHEMBL_000568,CC12CCC3C(C1CCC2O)CCC4=C3C=CC(=C4)O
CHEMBL_000569,CN1C=NC2=C1C(=O)N(C(=O)N2C)C
CHEMBL_000570,CCN(CC)CC
CHEMBL_000571,CC(C)C
CHEMBL_000572,CCCCC
CHEMBL_000573,c1ccc(cc1)C
CHEMBL_000574,c1ccc(cc1)O
CHEMBL_000575,CCN
CHEMBL_000576,CCC(=O)O
CHEMBL_000577,CCCC
CHEMBL_000578,c1ccc(cc1)N
CHEMBL_000579,CC(=O)C
CHEMBL_000580,CCCCCCC
CHEMBL_000581,c1ccc2ccccc2c1
CHEMBL_000582,CC(C)CC
CHEMBL_000583,CCCCCCCC
CHEMBL_000584,c1ccc(cc1)CC
CHEMBL_000585,CCC(C)C
CHEMBL_000586,CCCCCCCCC
CHEMBL_000587,c1ccc(cc1)CCC
CHEMBL_000588,CCC(C)CCC
CHEMBL_000589,CCCCCCCCCC
CHEMBL_000590,Cc1ccccc1
CHEMBL_000591,CCc1ccccc1
CHEMBL_000592,CCCc1ccccc1
CHEMBL_000593,CC(C)Cc1ccccc1
CHEMBL_000594,c1ccc(cc1)CCCC
CHEMBL_000595,CCCCCCCCCCCC
CHEMBL_000596,c1ccc(cc1)CCCCC
CHEMBL_000597,CCCCCCCCCCCC
CHEMBL_000598,c1ccc(cc1)CCCCCC
CHEMBL_000599,CCCCCCCCCCCCC
CHEMBL_000600,CCO
CHEMBL_000601,CC(C)O
CHEMBL_000602,CCCCO
CHEMBL_000603,CC(C)(C)O
CHEMBL_000604,c1ccccc1
CHEMBL_000605,c1ccc(cc1)CO
CHEMBL_000606,CC(=O)O
CHEMBL_000607,CC(=O)Oc1ccccc1C(=O)O
CHEMBL_000608,CC12CCC3C(C1CCC2O)CCC4=C3C=CC(=C4)O
CHEMBL_000609,CN1C=NC2=C1C(=O)N(C(=O)N2C)C
CHEMBL_000610,CCN(CC)CC
CHEMBL_000611,CC(C)C
CHEMBL_000612,CCCCC
CHEMBL_000613,c1ccc(cc1)C
CHEMBL_000614,c1ccc(cc1)O
CHEMBL_000615,CCN
CHEMBL_000616,CCCC(=O)O
CHEMBL_000617,CCCC
CHEMBL_000618,c1ccc(cc1)N
CHEMBL_000619,CC(=O)C
CHEMBL_000620,CCCCCCC
CHEMBL_000621,c1ccc2ccccc2c1
CHEMBL_000622,CC(C)CC
CHEMBL_000623,CCCCCCCCC
CHEMBL_000624,c1ccc(cc1)CC
CHEMBL_000625,CCC(C)C
CHEMBL_000626,CCCCCCCCC
CHEMBL_000627,c1ccc(cc1)CCC
CHEMBL_000628,CC(C)CCC
CHEMBL_000629,CCCCCCCCCC
CHEMBL_000630,Cc1ccccc1
CHEMBL_000631,CCc1ccccc1
CHEMBL_000632,CCCc1ccccc1
CHEMBL_000633,CC(C)Cc1ccccc1
CHEMBL_000634,c1ccc(cc1)CCCC
CHEMBL_000635,CCCCCCCCCCC
CHEMBL_000636,c1ccc(cc1)CCCCC
CHEMBL_000637,CCCCCCCCCCCCC
CHEMBL_000638,c1ccc(cc1)CCCCCC
CHEMBL_000639,CCCCCCCCCCCCC
CHEMBL_000640,CCO
CHEMBL_000641,CC(C)O
CHEMBL_000642,CCCO
CHEMBL_000643,CC(C)(C)O
CHEMBL_000644,c1ccccc1
CHEMBL_000645,c1ccccc1O
CHEMBL_000646,CC(=O)O
CHEMBL_000647,CC(=O)Oc1ccccc1C(=O)O
CHEMBL_000648,CC12CCC3C(C1CCC2O)CCC4=C3C=CC(=C4)O
CHEMBL_000649,CN1C=NC2=C1C(=O)N(C(=O)N2C)C
CHEMBL_000650,CCN(CC)CC
CHEMBL_000651,CCC(C)C
CHEMBL_000652,CCCCC
CHEMBL_000653,c1ccc(cc1)C
CHEMBL_000654,c1ccc(cc1)O
CHEMBL_000655,CCN
CHEMBL_000656,CCC(=O)O
CHEMBL_000657,CCCC
CHEMBL_000658,c1ccc(cc1)N
CHEMBL_000659,CC(=O)C
CHEMBL_000660,CCCCCCC
CHEMBL_000661,c1ccc2ccccc2c1
CHEMBL_000662,CC(C)CC
CHEMBL_000663,CCCCCCCC
CHEMBL_000664,c1ccc(cc1)CC
CHEMBL_000665,CCCC(C)C
CHEMBL_000666,CCCCCCCCC
CHEMBL_000667,c1ccc(cc1)CCC
CHEMBL_000668,CC(C)CCC
CHEMBL_000669,CCCCCCCCCC
CHEMBL_000670,Cc1ccccc1
CHEMBL_000671,CCc1ccc(cc1)C
CHEMBL_000672,CCCCc1ccccc1
CHEMBL_000673,CC(C)Cc1ccccc1
CHEMBL_000674,c1ccc(cc1)CCCC
CHEMBL_000675,CCCCCCCCCCC
CHEMBL_000676,c1ccc(cc1)CCCCC
CHEMBL_000677,CCCCCCCCCCCC
CHEMBL_000678,c1ccc(cc1)CCCCCC
CHEMBL_000679,CCCCCCCCCCCCCC
CHEMBL_000680,CCO
CHEMBL_000681,CC(C)O
CHEMBL_000682,CCCO
CHEMBL_000683,CC(C)(C)O
CHEMBL_000684,c1ccccc1
CHEMBL_000685,c1ccccc1O
CHEMBL_000686,CCC(=O)O
CHEMBL_000687,CC(=O)Oc1ccccc1C(=O)O
CHEMBL_000688,CC12CCC3C(C1CCC2O)CCC4=C3C=CC(=C4)O
CHEMBL_000689,CN1C=NC2=C1C(=O)N(C(=O)N2C)C
CHEMBL_000690,CCN(CC)CC
CHEMBL_000691,CC(C)C
CHEMBL_000692,CCCCC
CHEMBL_000693,c1ccc(cc1)C
CHEMBL_000694,c1ccc(cc1)O
CHEMBL_000695,CCN
CHEMBL_000696,CCC(=O)O
CHEMBL_000697,CCCC
CHEMBL_000698,c1ccc(cc1)N
CHEMBL_000699,CC(=O)C
CHEMBL_000700,CCCCCCCC
CHEMBL_000701,c1ccc2ccccc2c1
CHEMBL_000702,CC(C)CC
CHEMBL_000703,CCCCCCCC
CHEMBL_000704,c1ccc(cc1)CC
CHEMBL_000705,CCC(C)C
CHEMBL_000706,CCCCCCCCC
CHEMBL_000707,c1ccc(cc1)CCC
CHEMBL_000708,CC(C)CCC
CHEMBL_000709,CCCCCCCCCC
CHEMBL_000710,Cc1ccccc1
CHEMBL_000711,CCc1ccccc1
CHEMBL_000712,CCCc1ccccc1
CHEMBL_000713,CC(C)Cc1ccccc1
CHEMBL_000714,c1ccc(cc1)CCCC
CHEMBL_000715,CCCCCCCCCCC
CHEMBL_000716,c1ccc(cc1)CCCCC
CHEMBL_000717,CCCCCCCCCCCC
CHEMBL_000718,c1ccc(cc1)CCCCCC
CHEMBL_000719,CCCCCCCCCCCCC
CHEMBL_000720,CCO
CHEMBL_000721,CCC(C)O
CHEMBL_000722,CCCO
CHEMBL_000723,CC(C)(C)O
CHEMBL_000724,c1ccccc1
CHEMBL_000725,c1ccccc1O
CHEMBL_000726,CC(=O)O
CHEMBL_000727,CC(=O)Oc1ccccc1C(=O)O
CHEMBL_000728,CCC12CCC3C(C1CCC2O)CCC4=C3C=CC(=C4)O
CHEMBL_000729,CN1C=NC2=C1C(=O)N(C(=O)N2C)C
CHEMBL_000730,CCN(CC)CC
CHEMBL_000731,CC(C)C
CHEMBL_000732,CCCCC
CHEMBL_000733,c1ccc(cc1)C
CHEMBL_000734,c1ccc(cc1)O
CHEMBL_000735,CCCN
CHEMBL_000736,CCC(=O)O
CHEMBL_000737,CCCC
CHEMBL_000738,c1ccc(cc1)N
CHEMBL_000739,CC(=O)C
CHEMBL_000740,CCCCCCC
CHEMBL_000741,c1ccc2ccccc2c1
CHEMBL_000742,CCC(C)CC
CHEMBL_000743,CCCCCCCC
CHEMBL_000744,c1ccc(cc1)CC
CHEMBL_000745,CCC(C)C
CHEMBL_000746,CCCCCCCCC
CHEMBL_000747,c1ccc(cc1)CCC
CHEMBL_000748,CC(C)CCC
CHEMBL_000749,CCCCCCCCCCC
CHEMBL_000750,Cc1ccccc1
CHEMBL_000751,CCc1ccccc1
CHEMBL_000752,CCCc1ccccc1
CHEMBL_000753,CC(C)Cc1ccccc1
CHEMBL_000754,c1ccc(cc1)CCCC
CHEMBL_000755,CCCCCCCCCCC
CHEMBL_000756,c1ccc(cc1)CCCCC
CHEMBL_000757,CCCCCCCCCCCC
CHEMBL_000758,c1ccc(cc1)CCCCCC
CHEMBL_000759,CCCCCCCCCCCCC
CHEMBL_000760,CCO
CHEMBL_000761,CC(C)O
CHEMBL_000762,CCCO
CHEMBL_000763,CCC(C)(C)O
CHEMBL_000764,c1ccccc1
CHEMBL_000765,c1ccccc1O
CHEMBL_000766,CC(=O)O
CHEMBL_000767,CC(=O)Oc1ccccc1C(=O)O
CHEMBL_000768,CC12CCC3C(C1CCC2O)CCC4=C3C=CC(=C4)O
CHEMBL_000769,CN1C=NC2=C1C(=O)N(C(=O)N2C)C
CHEMBL_000770,CCCN(CC)CC
CHEMBL_000771,CC(C)C
CHEMBL_000772,CCCCC
CHEMBL_000773,c1ccc(cc1)C
CHEMBL_000774,c1ccc(cc1)O
CHEMBL_000775,CCN
CHEMBL_000776,CCC(=O)O
CHEMBL_000777,CCCCC
CHEMBL_000778,c1ccc(cc1)N
CHEMBL_000779,CC(=O)C
CHEMBL_000780,CCCCCCC
CHEMBL_000781,c1ccc2ccccc2c1
CHEMBL_000782,CC(C)CC
CHEMBL_000783,CCCCCCCC
CHEMBL_000784,c1ccc(cc1)CC
CHEMBL_000785,CCC(C)C
CHEMBL_000786,CCCCCCCCC
CHEMBL_000787,c1ccc(cc1)CCC
CHEMBL_000788,CC(C)CCC
CHEMBL_000789,CCCCCCCCCC
CHEMBL_000790,Cc1ccccc1
CHEMBL_000791,CCCc1ccccc1
CHEMBL_000792,CCCc1ccc(cc1)C
CHEMBL_000793,CC(C)Cc1ccccc1
CHEMBL_000794,c1ccc(cc1)CCCC
CHEMBL_000795,CCCCCCCCCCC
CHEMBL_000796,c1ccc(cc1)CCCCC
CHEMBL_000797,CCCCCCCCCCCC
CHEMBL_000798,c1ccc(cc1)CCCCCC
CHEMBL_000799,CCCCCCCCCCCCC
CHEMBL_000800,CCO
CHEMBL_000801,CC(C)O
CHEMBL_000802,CCCO
CHEMBL_000803,CC(C)(C)O
CHEMBL_000804,c1ccccc1
CHEMBL_000805,c1ccccc1O
CHEMBL_000806,CC(=O)O
CHEMBL_000807,CC(=O)Oc1ccccc1C(=O)O
CHEMBL_000808,CC12CCC3C(C1CCC2O)CCC4=C3C=CC(=C4)O
CHEMBL_000809,CN1C=NC2=C1C(=O)N(C(=O)N2C)C
CHEMBL_000810,CCN(CC)CC
CHEMBL_000811,CC(C)C
CHEMBL_000812,CCCCCC
CHEMBL_000813,c1ccc(cc1)C
CHEMBL_000814,c1ccc(cc1)O
CHEMBL_000815,CCN
CHEMBL_000816,CCC(=O)O
CHEMBL_000817,CCCC
CHEMBL_000818,c1ccc(cc1)N
CHEMBL_000819,CCC(=O)C
CHEMBL_000820,CCCCCCC
CHEMBL_000821,c1ccc2ccccc2c1
CHEMBL_000822,CC(C)CC
CHEMBL_000823,CCCCCCCC
CHEMBL_000824,c1ccc(cc1)CC
CHEMBL_000825,CCC(C)C
CHEMBL_000826,CCCCCCCCCC
CHEMBL_000827,c1ccc(cc1)CCC
CHEMBL_000828,CC(C)CCC
CHEMBL_000829,CCCCCCCCCC
CHEMBL_000830,Cc1ccccc1
CHEMBL_000831,CCc1ccccc1
CHEMBL_000832,CCCc1ccccc1
CHEMBL_000833,CCC(C)Cc1ccccc1
CHEMBL_000834,c1ccc(cc1)CCCC
CHEMBL_000835,CCCCCCCCCCC
CHEMBL_000836,c1ccc(cc1)CCCCC
CHEMBL_000837,CCCCCCCCCCCC
CHEMBL_000838,c1ccc(cc1)CCCCCC
CHEMBL_000839,CCCCCCCCCCCCC
CHEMBL_000840,CCCO
CHEMBL_000841,CC(C)O
CHEMBL_000842,CCCO
CHEMBL_000843,CC(C)(C)O
CHEMBL_000844,c1ccccc1
CHEMBL_000845,c1ccccc1O
CHEMBL_000846,CC(=O)O
CHEMBL_000847,CCC(=O)Oc1ccccc1C(=O)O
CHEMBL_000848,CC12CCC3C(C1CCC2O)CCC4=C3C=CC(=C4)O
CHEMBL_000849,CN1C=NC2=C1C(=O)N(C(=O)N2C)C
CHEMBL_000850,CCN(CC)CC
CHEMBL_000851,CC(C)C
CHEMBL_000852,CCCCC
CHEMBL_000853,c1ccc(cc1)C
CHEMBL_000854,c1ccc(cc1)O
CHEMBL_000855,CCN
CHEMBL_000856,CCC(=O)O
CHEMBL_000857,CCCC
CHEMBL_000858,c1ccc(cc1)N
CHEMBL_000859,CC(=O)C
CHEMBL_000860,CCCCCCC
CHEMBL_000861,c1ccc2ccccc2c1
CHEMBL_000862,CC(C)CC
CHEMBL_000863,CCCCCCCC
CHEMBL_000864,c1ccc(cc1)CC
CHEMBL_000865,CCC(C)C
CHEMBL_000866,CCCCCCCCC
CHEMBL_000867,c1ccc(cc1)CCC
CHEMBL_000868,CCC(C)CCC
CHEMBL_000869,CCCCCCCCCC
CHEMBL_000870,Cc1ccccc1
CHEMBL_000871,CCc1ccccc1
CHEMBL_000872,CCCc1ccccc1
CHEMBL_000873,CC(C)Cc1ccccc1
CHEMBL_000874,c1ccc(cc1)CCCC
CHEMBL_000875,CCCCCCCCCCCC
CHEMBL_000876,c1ccc(cc1)CCCCC
CHEMBL_000877,CCCCCCCCCCCC
CHEMBL_000878,c1ccc(cc1)CCCCCC
CHEMBL_000879,CCCCCCCCCCCCC
CHEMBL_000880,CCO
CHEMBL_000881,CC(C)O
CHEMBL_000882,CCCCO
CHEMBL_000883,CC(C)(C)O
CHEMBL_000884,c1ccccc1
CHEMBL_000885,c1ccccc1O
CHEMBL_000886,CC(=O)O
CHEMBL_000887,CC(=O)Oc1ccccc1C(=O)O
CHEMBL_000888,CC12CCC3C(C1CCC2O)CCC4=C3C=CC(=C4)O
CHEMBL_000889,CN1C=NC2=C1C(=O)N(C(=O)N2C)C
CHEMBL_000890,CCN(CC)CC
CHEMBL_000891,CC(C)C
CHEMBL_000892,CCCCC
CHEMBL_000893,c1ccc(cc1)C
CHEMBL_000894,c1ccc(cc1)O
CHEMBL_000895,CCN
CHEMBL_000896,CCCC(=O)O
CHEMBL_000897,CCCC
CHEMBL_000898,c1ccc(cc1)N
CHEMBL_000899,CC(=O)C
CHEMBL_000900,CCCCCCC
CHEMBL_000901,c1ccc2ccccc2c1
CHEMBL_000902,CC(C)CC
CHEMBL_000903,CCCCCCCCC
CHEMBL_000904,c1ccc(cc1)CC
CHEMBL_000905,CCC(C)C
CHEMBL_000906,CCCCCCCCC
CHEMBL_000907,c1ccc(cc1)CCC
CHEMBL_000908,CC(C)CCC
CHEMBL_000909,CCCCCCCCCC
CHEMBL_000910,Cc1ccccc1
CHEMBL_000911,CCc1ccccc1
CHEMBL_000912,CCCc1ccccc1
CHEMBL_000913,CC(C)Cc1ccc(cc1)C
CHEMBL_000914,c1ccc(cc1)CCCC
CHEMBL_000915,CCCCCCCCCCC
CHEMBL_000916,c1ccc(cc1)CCCCC
CHEMBL_000917,CCCCCCCCCCCCC
CHEMBL_000918,c1ccc(cc1)CCCCCC
CHEMBL_000919,CCCCCCCCCCCCC
CHEMBL_000920,CCO
CHEMBL_000921,CC(C)O
CHEMBL_000922,CCCO
CHEMBL_000923,CC(C)(C)O
CHEMBL_000924,c1ccc(cc1)C
CHEMBL_000925,c1ccccc1O
CHEMBL_000926,CC(=O)O
CHEMBL_000927,CC(=O)Oc1ccccc1C(=O)O
CHEMBL_000928,CC12CCC3C(C1CCC2O)CCC4=C3C=CC(=C4)O
CHEMBL_000929,CN1C=NC2=C1C(=O)N(C(=O)N2C)C
CHEMBL_000930,CCN(CC)CC
CHEMBL_000931,CCC(C)C
CHEMBL_000932,CCCCC
CHEMBL_000933,c1ccc(cc1)C
CHEMBL_000934,c1ccc(cc1)O
CHEMBL_000935,CCN
CHEMBL_000936,CCC(=O)O
CHEMBL_000937,CCCC
CHEMBL_000938,c1ccc(cc1)N
CHEMBL_000939,CC(=O)C
CHEMBL_000940,CCCCCCC
CHEMBL_000941,c1ccc2ccccc2c1
CHEMBL_000942,CC(C)CC
CHEMBL_000943,CCCCCCCC
CHEMBL_000944,c1ccc(cc1)CC
CHEMBL_000945,CCCC(C)C
CHEMBL_000946,CCCCCCCCC
CHEMBL_000947,c1ccc(cc1)CCC
CHEMBL_000948,CC(C)CCC
CHEMBL_000949,CCCCCCCCCC
CHEMBL_000950,Cc1ccccc1
CHEMBL_000951,CCc1ccccc1
CHEMBL_000952,CCCCc1ccccc1
CHEMBL_000953,CC(C)Cc1ccccc1
CHEMBL_000954,c1ccc(cc1)CCCC
CHEMBL_000955,CCCCCCCCCCC
CHEMBL_000956,c1ccc(cc1)CCCCC
CHEMBL_000957,CCCCCCCCCCCC
CHEMBL_000958,c1ccc(cc1)CCCCCC
CHEMBL_000959,CCCCCCCCCCCCCC
CHEMBL_000960,CCO
CHEMBL_000961,CC(C)O
CHEMBL_000962,CCCO
CHEMBL_000963,CC(C)(C)O
CHEMBL_000964,c1ccccc1
CHEMBL_000965,c1ccccc1O
CHEMBL_000966,CCC(=O)O
CHEMBL_000967,CC(=O)Oc1ccccc1C(=O)O
CHEMBL_000968,CC12CCC3C(C1CCC2O)CCC4=C3C=CC(=C4)O
CHEMBL_000969,CN1C=NC2=C1C(=O)N(C(=O)N2C)C
CHEMBL_000970,CCN(CC)CC
CHEMBL_000971,CC(C)C
CHEMBL_000972,CCCCC
CHEMBL_000973,c1ccc(cc1)C
CHEMBL_000974,c1ccc(cc1)O
CHEMBL_000975,CCN
CHEMBL_000976,CCC(=O)O
CHEMBL_000977,CCCC
CHEMBL_000978,c1ccc(cc1)N
CHEMBL_000979,CC(=O)C
CHEMBL_000980,CCCCCCCC
CHEMBL_000981,c1ccc2ccccc2c1
CHEMBL_000982,CC(C)CC
CHEMBL_000983,CCCCCCCC
CHEMBL_000984,c1ccc(cc1)CC
CHEMBL_000985,CCC(C)C
CHEMBL_000986,CCCCCCCCC
CHEMBL_000987,c1ccc(cc1)CCC
CHEMBL_000988,CC(C)CCC
CHEMBL_000989,CCCCCCCCCC
CHEMBL_000990,Cc1ccc(cc1)C
CHEMBL_000991,CCc1ccccc1
CHEMBL_000992,CCCc1ccccc1
CHEMBL_000993,CC(C)Cc1ccccc1
CHEMBL_000994,c1ccc(cc1)CCCC
CHEMBL_000995,CCCCCCCCCCC
CHEMBL_000996,c1ccc(cc1)CCCCC
CHEMBL_000997,CCCCCCCCCCCC
CHEMBL_000998,c1ccc(cc1)CCCCCC
CHEMBL_000999,CCCCCCCCCCCCC
CHEMBL_001000,CCO
CHEMBL_001001,CCC(C)O
CHEMBL_001002,CCCO
CHEMBL_001003,CC(C)(C)O
CHEMBL_001004,c1ccccc1
CHEMBL_001005,c1ccccc1O
CHEMBL_001006,CC(=O)O
CHEMBL_001007,CC(=O)Oc1ccccc1C(=O)O
CHEMBL_001008,CCC12CCC3C(C1CCC2O)CCC4=C3C=CC(=C4)O
CHEMBL_001009,CN1C=NC2=C1C(=O)N(C(=O)N2C)C
CHEMBL_001010,CCN(CC)CC
CHEMBL_001011,CC(C)C
CHEMBL_001012,CCCCC
CHEMBL_001013,c1ccc(cc1)C
CHEMBL_001014,c1ccc(cc1)O
CHEMBL_001015,CCCN
CHEMBL_001016,CCC(=O)O
CHEMBL_001017,CCCC
CHEMBL_001018,c1ccc(cc1)N
CHEMBL_001019,CC(=O)C
CHEMBL_001020,CCCCCCC
CHEMBL_001021,c1ccc2ccccc2c1
CHEMBL_001022,CCC(C)CC
CHEMBL_001023,CCCCCCCC
CHEMBL_001024,c1ccc(cc1)CC
CHEMBL_001025,CCC(C)C
CHEMBL_001026,CCCCCCCCC
CHEMBL_001027,c1ccc(cc1)CCC
CHEMBL_001028,CC(C)CCC
CHEMBL_001029,CCCCCCCCCCC
CHEMBL_001030,Cc1ccccc1
CHEMBL_001031,CCc1ccccc1
CHEMBL_001032,CCCc1ccccc1
CHEMBL_001033,CC(C)Cc1ccccc1
CHEMBL_001034,c1ccc(cc1)CCCC
CHEMBL_001035,CCCCCCCCCCC
CHEMBL_001036,c1ccc(cc1)CCCCC
CHEMBL_001037,CCCCCCCCCCCC
CHEMBL_001038,c1ccc(cc1)CCCCCC
CHEMBL_001039,CCCCCCCCCCCCC
CHEMBL_001040,CCO
CHEMBL_001041,CC(C)O
CHEMBL_001042,CCCO
CHEMBL_001043,CCC(C)(C)O
CHEMBL_001044,c1ccccc1
CHEMBL_001045,c1ccc(cc1)CO
CHEMBL_001046,CC(=O)O
CHEMBL_001047,CC(=O)Oc1ccccc1C(=O)O
CHEMBL_001048,CC12CCC3C(C1CCC2O)CCC4=C3C=CC(=C4)O
CHEMBL_001049,CN1C=NC2=C1C(=O)N(C(=O)N2C)C
CHEMBL_001050,CCCN(CC)CC
CHEMBL_001051,CC(C)C
CHEMBL_001052,CCCCC
CHEMBL_001053,c1ccc(cc1)C
CHEMBL_001054,c1ccc(cc1)O
CHEMBL_001055,CCN
CHEMBL_001056,CCC(=O)O
CHEMBL_001057,CCCCC
CHEMBL_001058,c1ccc(cc1)N
CHEMBL_001059,CC(=O)C
CHEMBL_001060,CCCCCCC
CHEMBL_001061,c1ccc2ccccc2c1
CHEMBL_001062,CC(C)CC
CHEMBL_001063,CCCCCCCC
CHEMBL_001064,c1ccc(cc1)CC
CHEMBL_001065,CCC(C)C
CHEMBL_001066,CCCCCCCCC
CHEMBL_001067,c1ccc(cc1)CCC
CHEMBL_001068,CC(C)CCC
CHEMBL_001069,CCCCCCCCCC
CHEMBL_001070,Cc1ccccc1
CHEMBL_001071,CCCc1ccccc1
CHEMBL_001072,CCCc1ccccc1
CHEMBL_001073,CC(C)Cc1ccccc1
CHEMBL_001074,c1ccc(cc1)CCCC
CHEMBL_001075,CCCCCCCCCCC
CHEMBL_001076,c1ccc(cc1)CCCCC
CHEMBL_001077,CCCCCCCCCCCC
CHEMBL_001078,c1ccc(cc1)CCCCCC
CHEMBL_001079,CCCCCCCCCCCCC
CHEMBL_001080,CCO
CHEMBL_001081,CC(C)O
CHEMBL_001082,CCCO
CHEMBL_001083,CC(C)(C)O
CHEMBL_001084,c1ccccc1
CHEMBL_001085,c1ccccc1O
CHEMBL_001086,CC(=O)O
CHEMBL_001087,CC(=O)Oc1ccccc1C(=O)O
CHEMBL_001088,CC12CCC3C(C1CCC2O)CCC4=C3C=CC(=C4)O
CHEMBL_001089,CN1C=NC2=C1C(=O)N(C(=O)N2C)C
CHEMBL_001090,CCN(CC)CC
CHEMBL_001091,CC(C)C
CHEMBL_001092,CCCCCC
CHEMBL_001093,c1ccc(cc1)C
CHEMBL_001094,c1ccc(cc1)O
CHEMBL_001095,CCN
CHEMBL_001096,CCC(=O)O
CHEMBL_001097,CCCC
CHEMBL_001098,c1ccc(cc1)N
CHEMBL_001099,CCC(=O)C
CHEMBL_001100,CCCCCCC
CHEMBL_001101,c1ccc2ccccc2c1
CHEMBL_001102,CC(C)CC
CHEMBL_001103,CCCCCCCC
CHEMBL_001104,c1ccc(cc1)CC
CHEMBL_001105,CCC(C)C
CHEMBL_001106,CCCCCCCCCC
CHEMBL_001107,c1ccc(cc1)CCC
CHEMBL_001108,CC(C)CCC
CHEMBL_001109,CCCCCCCCCC
CHEMBL_001110,Cc1ccccc1
CHEMBL_001111,CCc1ccc(cc1)C
CHEMBL_001112,CCCc1ccccc1
CHEMBL_001113,CCC(C)Cc1ccccc1
CHEMBL_001114,c1ccc(cc1)CCCC
CHEMBL_001115,CCCCCCCCCCC
CHEMBL_001116,c1ccc(cc1)CCCCC
CHEMBL_001117,CCCCCCCCCCCC
CHEMBL_001118,c1ccc(cc1)CCCCCC
CHEMBL_001119,CCCCCCCCCCCCC
CHEMBL_001120,CCCO
CHEMBL_001121,CC(C)O
CHEMBL_001122,CCCO
CHEMBL_001123,CC(C)(C)O
CHEMBL_001124,c1ccccc1
CHEMBL_001125,c1ccccc1O
CHEMBL_001126,CC(=O)O
CHEMBL_001127,CCC(=O)Oc1ccccc1C(=O)O
CHEMBL_001128,CC12CCC3C(C1CCC2O)CCC4=C3C=CC(=C4)O
CHEMBL_001129,CN1C=NC2=C1C(=O)N(C(=O)N2C)C
CHEMBL_001130,CCN(CC)CC
CHEMBL_001131,CC(C)C
CHEMBL_001132,CCCCC
CHEMBL_001133,c1ccc(cc1)C
CHEMBL_001134,c1ccc(cc1)O
CHEMBL_001135,CCN
CHEMBL_001136,CCC(=O)O
CHEMBL_001137,CCCC
CHEMBL_001138,c1ccc(cc1)N
CHEMBL_001139,CC(=O)C
CHEMBL_001140,CCCCCCC
CHEMBL_001141,c1ccc2ccccc2c1
CHEMBL_001142,CC(C)CC
CHEMBL_001143,CCCCCCCC
CHEMBL_001144,c1ccc(cc1)CC
CHEMBL_001145,CCC(C)C
CHEMBL_001146,CCCCCCCCC
CHEMBL_001147,c1ccc(cc1)CCC
CHEMBL_001148,CCC(C)CCC
CHEMBL_001149,CCCCCCCCCC
CHEMBL_001150,Cc1ccccc1
CHEMBL_001151,CCc1ccccc1
CHEMBL_001152,CCCc1ccccc1
CHEMBL_001153,CC(C)Cc1ccccc1
CHEMBL_001154,c1ccc(cc1)CCCC
CHEMBL_001155,CCCCCCCCCCCC
CHEMBL_001156,c1ccc(cc1)CCCCC
CHEMBL_001157,CCCCCCCCCCCC
CHEMBL_001158,c1ccc(cc1)CCCCCC
CHEMBL_001159,CCCCCCCCCCCCC
CHEMBL_001160,CCO
CHEMBL_001161,CC(C)O
CHEMBL_001162,CCCCO
CHEMBL_001163,CC(C)(C)O
CHEMBL_001164,c1ccccc1
CHEMBL_001165,c1ccccc1O
CHEMBL_001166,CC(=O)O
CHEMBL_001167,CC(=O)Oc1ccccc1C(=O)O
CHEMBL_001168,CC12CCC3C(C1CCC2O)CCC4=C3C=CC(=C4)O
CHEMBL_001169,CN1C=NC2=C1C(=O)N(C(=O)N2C)C
CHEMBL_001170,CCN(CC)CC
CHEMBL_001171,CC(C)C
CHEMBL_001172,CCCCC
CHEMBL_001173,c1ccc(cc1)C
CHEMBL_001174,c1ccc(cc1)O
CHEMBL_001175,CCN
CHEMBL_001176,CCCC(=O)O
CHEMBL_001177,CCCC
CHEMBL_001178,c1ccc(cc1)N
CHEMBL_001179,CC(=O)C
CHEMBL_001180,CCCCCCC
CHEMBL_001181,c1ccc2ccccc2c1
CHEMBL_001182,CC(C)CC
CHEMBL_001183,CCCCCCCCC
CHEMBL_001184,c1ccc(cc1)CC
CHEMBL_001185,CCC(C)C
CHEMBL_001186,CCCCCCCCC
CHEMBL_001187,c1ccc(cc1)CCC
CHEMBL_001188,CC(C)CCC
CHEMBL_001189,CCCCCCCCCC
CHEMBL_001190,Cc1ccccc1
CHEMBL_001191,CCc1ccccc1
CHEMBL_001192,CCCc1ccccc1
CHEMBL_001193,CC(C)Cc1ccccc1
CHEMBL_001194,c1ccc(cc1)CCCC
CHEMBL_001195,CCCCCCCCCCC
CHEMBL_001196,c1ccc(cc1)CCCCC
CHEMBL_001197,CCCCCCCCCCCCC
CHEMBL_001198,c1ccc(cc1)CCCCCC
CHEMBL_001199,CCCCCCCCCCCCC
CHEMBL_001200,CCO
CHEMBL_001201,CC(C)O
CHEMBL_001202,CCCO
CHEMBL_001203,CC(C)(C)O
CHEMBL_001204,c1ccccc1
CHEMBL_001205,c1ccccc1O
CHEMBL_001206,CC(=O)O
CHEMBL_001207,CC(=O)Oc1ccccc1C(=O)O
CHEMBL_001208,CC12CCC3C(C1CCC2O)CCC4=C3C=CC(=C4)O
CHEMBL_001209,CN1C=NC2=C1C(=O)N(C(=O)N2C)C
CHEMBL_001210,CCN(CC)CC
CHEMBL_001211,CCC(C)C
CHEMBL_001212,CCCCC
CHEMBL_001213,c1ccc(cc1)C
CHEMBL_001214,c1ccc(cc1)O
CHEMBL_001215,CCN
CHEMBL_001216,CCC(=O)O
CHEMBL_001217,CCCC
CHEMBL_001218,c1ccc(cc1)N
CHEMBL_001219,CC(=O)C
CHEMBL_001220,CCCCCCC
CHEMBL_001221,c1ccc2ccccc2c1
CHEMBL_001222,CC(C)CC
CHEMBL_001223,CCCCCCCC
CHEMBL_001224,c1ccc(cc1)CC
CHEMBL_001225,CCCC(C)C
CHEMBL_001226,CCCCCCCCC
CHEMBL_001227,c1ccc(cc1)CCC
CHEMBL_001228,CC(C)CCC
CHEMBL_001229,CCCCCCCCCC
CHEMBL_001230,Cc1ccccc1
CHEMBL_001231,CCc1ccccc1
CHEMBL_001232,CCCCc1ccccc1
CHEMBL_001233,CC(C)Cc1ccccc1
CHEMBL_001234,c1ccc(cc1)CCCC
CHEMBL_001235,CCCCCCCCCCC
CHEMBL_001236,c1ccc(cc1)CCCCC
CHEMBL_001237,CCCCCCCCCCCC
CHEMBL_001238,c1ccc(cc1)CCCCCC
CHEMBL_001239,CCCCCCCCCCCCCC
CHEMBL_001240,CCO
CHEMBL_001241,CC(C)O
CHEMBL_001242,CCCO
CHEMBL_001243,CC(C)(C)O
CHEMBL_001244,c1ccccc1
CHEMBL_001245,c1ccccc1O
CHEMBL_001246,CCC(=O)O
CHEMBL_001247,CC(=O)Oc1ccccc1C(=O)O
CHEMBL_001248,CC12CCC3C(C1CCC2O)CCC4=C3C=CC(=C4)O
CHEMBL_001249,CN1C=NC2=C1C(=O)N(C(=O)N2C)C
CHEMBL_001250,CCN(CC)CC
CHEMBL_001251,CC(C)C
CHEMBL_001252,CCCCC
CHEMBL_001253,c1ccc(cc1)C
CHEMBL_001254,c1ccc(cc1)O
CHEMBL_001255,CCN
CHEMBL_001256,CCC(=O)O
CHEMBL_001257,CCCC
CHEMBL_001258,c1ccc(cc1)N
CHEMBL_001259,CC(=O)C
CHEMBL_001260,CCCCCCCC
CHEMBL_001261,c1ccc2ccccc2c1
CHEMBL_001262,CC(C)CC
CHEMBL_001263,CCCCCCCC
CHEMBL_001264,c1ccc(cc1)CC
CHEMBL_001265,CCC(C)C
CHEMBL_001266,CCCCCCCCC
CHEMBL_001267,c1ccc(cc1)CCC
CHEMBL_001268,CC(C)CCC
CHEMBL_001269,CCCCCCCCCC
CHEMBL_001270,Cc1ccccc1
CHEMBL_001271,CCc1ccccc1
CHEMBL_001272,CCCc1ccccc1
CHEMBL_001273,CC(C)Cc1ccccc1
CHEMBL_001274,c1ccc(cc1)CCCC
CHEMBL_001275,CCCCCCCCCCC
CHEMBL_001276,c1ccc(cc1)CCCCC
CHEMBL_001277,CCCCCCCCCCCC
CHEMBL_001278,c1ccc(cc1)CCCCCC
CHEMBL_001279,CCCCCCCCCCCCC
CHEMBL_001280,CCO
CHEMBL_001281,CCC(C)O
CHEMBL_001282,CCCO
CHEMBL_001283,CC(C)(C)O
CHEMBL_001284,c1ccccc1
CHEMBL_001285,c1ccccc1O
CHEMBL_001286,CC(=O)O
CHEMBL_001287,CC(=O)Oc1ccc(cc1)CC(=O)O
CHEMBL_001288,CCC12CCC3C(C1CCC2O)CCC4=C3C=CC(=C4)O
CHEMBL_001289,CN1C=NC2=C1C(=O)N(C(=O)N2C)C
CHEMBL_001290,CCN(CC)CC
CHEMBL_001291,CC(C)C
CHEMBL_001292,CCCCC
CHEMBL_001293,c1ccc(cc1)C
CHEMBL_001294,c1ccc(cc1)O
CHEMBL_001295,CCCN
CHEMBL_001296,CCC(=O)O
CHEMBL_001297,CCCC
CHEMBL_001298,c1ccc(cc1)N
CHEMBL_001299,CC(=O)C
CHEMBL_001300,CCCCCCC
CHEMBL_001301,c1ccc2ccccc2c1
CHEMBL_001302,CCC(C)CC
CHEMBL_001303,CCCCCCCC
CHEMBL_001304,c1ccc(cc1)CC
CHEMBL_001305,CCC(C)C
CHEMBL_001306,CCCCCCCCC
CHEMBL_001307,c1ccc(cc1)CCC
CHEMBL_001308,CC(C)CCC
CHEMBL_001309,CCCCCCCCCCC
CHEMBL_001310,Cc1ccccc1
CHEMBL_001311,CCc1ccccc1
CHEMBL_001312,CCCc1ccccc1
CHEMBL_001313,CC(C)Cc1ccccc1
CHEMBL_001314,c1ccc(cc1)CCCC
CHEMBL_001315,CCCCCCCCCCC
CHEMBL_001316,c1ccc(cc1)CCCCC
CHEMBL_001317,CCCCCCCCCCCC
CHEMBL_001318,c1ccc(cc1)CCCCCC
CHEMBL_001319,CCCCCCCCCCCCC
CHEMBL_001320,CCO
CHEMBL_001321,CC(C)O
CHEMBL_001322,CCCO
CHEMBL_001323,CCC(C)(C)O
CHEMBL_001324,c1ccccc1
CHEMBL_001325,c1ccccc1O
CHEMBL_001326,CC(=O)O
CHEMBL_001327,CC(=O)Oc1ccccc1C(=O)O
CHEMBL_001328,CC12CCC3C(C1CCC2O)CCC4=C3C=CC(=C4)O
CHEMBL_001329,CN1C=NC2=C1C(=O)N(C(=O)N2C)C
CHEMBL_001330,CCCN(CC)CC
CHEMBL_001331,CC(C)C
CHEMBL_001332,CCCCC
CHEMBL_001333,c1ccc(cc1)C
CHEMBL_001334,c1ccc(cc1)O
CHEMBL_001335,CCN
CHEMBL_001336,CCC(=O)O
CHEMBL_001337,CCCCC
CHEMBL_001338,c1ccc(cc1)N
CHEMBL_001339,CC(=O)C
CHEMBL_001340,CCCCCCC
CHEMBL_001341,c1ccc2ccccc2c1
CHEMBL_001342,CC(C)CC
CHEMBL_001343,CCCCCCCC
CHEMBL_001344,c1ccc(cc1)CC
CHEMBL_001345,CCC(C)C
CHEMBL_001346,CCCCCCCCC
CHEMBL_001347,c1ccc(cc1)CCC
CHEMBL_001348,CC(C)CCC
CHEMBL_001349,CCCCCCCCCC
CHEMBL_001350,Cc1ccccc1
CHEMBL_001351,CCCc1ccccc1
CHEMBL_001352,CCCc1ccccc1
CHEMBL_001353,CC(C)Cc1ccc(cc1)C
CHEMBL_001354,c1ccc(cc1)CCCC
CHEMBL_001355,CCCCCCCCCCC
CHEMBL_001356,c1ccc(cc1)CCCCC
CHEMBL_001357,CCCCCCCCCCCC
CHEMBL_001358,c1ccc(cc1)CCCCCC
CHEMBL_001359,CCCCCCCCCCCCC
CHEMBL_001360,CCO
CHEMBL_001361,CC(C)O
CHEMBL_001362,CCCO
CHEMBL_001363,CC(C)(C)O
CHEMBL_001364,c1ccc(cc1)C
CHEMBL_001365,c1ccccc1O
CHEMBL_001366,CC(=O)O
CHEMBL_001367,CC(=O)Oc1ccccc1C(=O)O
CHEMBL_001368,CC12CCC3C(C1CCC2O)CCC4=C3C=CC(=C4)O
CHEMBL_001369,CN1C=NC2=C1C(=O)N(C(=O)N2C)C
CHEMBL_001370,CCN(CC)CC
CHEMBL_001371,CC(C)C
CHEMBL_001372,CCCCCC
CHEMBL_001373,c1ccc(cc1)C
CHEMBL_001374,c1ccc(cc1)O
CHEMBL_001375,CCN
CHEMBL_001376,CCC(=O)O
CHEMBL_001377,CCCC
CHEMBL_001378,c1ccc(cc1)N
CHEMBL_001379,CCC(=O)C
CHEMBL_001380,CCCCCCC
CHEMBL_001381,c1ccc2ccccc2c1
CHEMBL_001382,CC(C)CC
CHEMBL_001383,CCCCCCCC
CHEMBL_001384,c1ccc(cc1)CC
CHEMBL_001385,CCC(C)C
CHEMBL_001386,CCCCCCCCCC
CHEMBL_001387,c1ccc(cc1)CCC
CHEMBL_001388,CC(C)CCC
CHEMBL_001389,CCCCCCCCCC
CHEMBL_001390,Cc1ccccc1
CHEMBL_001391,CCc1ccccc1
CHEMBL_001392,CCCc1ccccc1
CHEMBL_001393,CCC(C)Cc1ccccc1
CHEMBL_001394,c1ccc(cc1)CCCC
CHEMBL_001395,CCCCCCCCCCC
CHEMBL_001396,c1ccc(cc1)CCCCC
CHEMBL_001397,CCCCCCCCCCCC
CHEMBL_001398,c1ccc(cc1)CCCCCC
CHEMBL_001399,CCCCCCCCCCCCC
CHEMBL_001400,CCCO
CHEMBL_001401,CC(C)O
CHEMBL_001402,CCCO
CHEMBL_001403,CC(C)(C)O
CHEMBL_001404,c1ccccc1
CHEMBL_001405,c1ccccc1O
CHEMBL_001406,CC(=O)O
CHEMBL_001407,CCC(=O)Oc1ccccc1C(=O)O
CHEMBL_001408,CC12CCC3C(C1CCC2O)CCC4=C3C=CC(=C4)O
CHEMBL_001409,CN1C=NC2=C1C(=O)N(C(=O)N2C)C
CHEMBL_001410,CCN(CC)CC
CHEMBL_001411,CC(C)C
CHEMBL_001412,CCCCC
CHEMBL_001413,c1ccc(cc1)C
CHEMBL_001414,c1ccc(cc1)O
CHEMBL_001415,CCN
CHEMBL_001416,CCC(=O)O
CHEMBL_001417,CCCC
CHEMBL_001418,c1ccc(cc1)N
CHEMBL_001419,CC(=O)C
CHEMBL_001420,CCCCCCC
CHEMBL_001421,c1ccc2ccccc2c1
CHEMBL_001422,CC(C)CC
CHEMBL_001423,CCCCCCCC
CHEMBL_001424,c1ccc(cc1)CC
CHEMBL_001425,CCC(C)C
CHEMBL_001426,CCCCCCCCC
CHEMBL_001427,c1ccc(cc1)CCC
CHEMBL_001428,CCC(C)CCC
CHEMBL_001429,CCCCCCCCCC
CHEMBL_001430,Cc1ccc(cc1)C
CHEMBL_001431,CCc1ccccc1
CHEMBL_001432,CCCc1ccccc1
CHEMBL_001433,CC(C)Cc1ccccc1
CHEMBL_001434,c1ccc(cc1)CCCC
CHEMBL_001435,CCCCCCCCCCCC
CHEMBL_001436,c1ccc(cc1)CCCCC
CHEMBL_001437,CCCCCCCCCCCC
CHEMBL_001438,c1ccc(cc1)CCCCCC
CHEMBL_001439,CCCCCCCCCCCCC
CHEMBL_001440,CCO
CHEMBL_001441,CC(C)O
CHEMBL_001442,CCCCO
CHEMBL_001443,CC(C)(C)O
CHEMBL_001444,c1ccccc1
CHEMBL_001445,c1ccccc1O
CHEMBL_001446,CC(=O)O
CHEMBL_001447,CC(=O)Oc1ccccc1C(=O)O
CHEMBL_001448,CC12CCC3C(C1CCC2O)CCC4=C3C=CC(=C4)O
CHEMBL_001449,CN1C=NC2=C1C(=O)N(C(=O)N2C)C
CHEMBL_001450,CCN(CC)CC
CHEMBL_001451,CC(C)C
CHEMBL_001452,CCCCC
CHEMBL_001453,c1ccc(cc1)C
CHEMBL_001454,c1ccc(cc1)O
CHEMBL_001455,CCN
CHEMBL_001456,CCCC(=O)O
CHEMBL_001457,CCCC
CHEMBL_001458,c1ccc(cc1)N
CHEMBL_001459,CC(=O)C
CHEMBL_001460,CCCCCCC
CHEMBL_001461,c1ccc2ccccc2c1
CHEMBL_001462,CC(C)CC
CHEMBL_001463,CCCCCCCCC
CHEMBL_001464,c1ccc(cc1)CC
CHEMBL_001465,CCC(C)C
CHEMBL_001466,CCCCCCCCC
CHEMBL_001467,c1ccc(cc1)CCC
CHEMBL_001468,CC(C)CCC
CHEMBL_001469,CCCCCCCCCC
CHEMBL_001470,Cc1ccccc1
CHEMBL_001471,CCc1ccccc1
CHEMBL_001472,CCCc1ccccc1
CHEMBL_001473,CC(C)Cc1ccccc1
CHEMBL_001474,c1ccc(cc1)CCCC
CHEMBL_001475,CCCCCCCCCCC
CHEMBL_001476,c1ccc(cc1)CCCCC
CHEMBL_001477,CCCCCCCCCCCCC
CHEMBL_001478,c1ccc(cc1)CCCCCC
CHEMBL_001479,CCCCCCCCCCCCC
CHEMBL_001480,CCO
CHEMBL_001481,CC(C)O
CHEMBL_001482,CCCO
CHEMBL_001483,CC(C)(C)O
CHEMBL_001484,c1ccccc1
CHEMBL_001485,c1ccc(cc1)CO
CHEMBL_001486,CC(=O)O
CHEMBL_001487,CC(=O)Oc1ccccc1C(=O)O
CHEMBL_001488,CC12CCC3C(C1CCC2O)CCC4=C3C=CC(=C4)O
CHEMBL_001489,CN1C=NC2=C1C(=O)N(C(=O)N2C)C
CHEMBL_001490,CCN(CC)CC
CHEMBL_001491,CCC(C)C
CHEMBL_001492,CCCCC
CHEMBL_001493,c1ccc(cc1)C
CHEMBL_001494,c1ccc(cc1)O
CHEMBL_001495,CCN
CHEMBL_001496,CCC(=O)O
CHEMBL_001497,CCCC
CHEMBL_001498,c1ccc(cc1)N
CHEMBL_001499,CC(=O)C
